Function Name;Define Information;Define Location;STAKI;STAV1;STAV2;STAV3;STBAK;STCAL;STCYC;STELF;STFN1;STFN2;STGTO;STKDN;STKNT;STLCT;STLIN;STLOP;STM07;STM19;STM29;STMCC;STMIF;STPAR;STPBG;STPDN;STPTH;STRET;STST1;STST2;STST3;STSUB;STUNR;STUNV;STXLN
"ME_Platform_F_PopCount_u32";"ME_Platform_F_PopCount_u32";"C:/_mks/L2H0480/KP03_ProductEngineering/40_Software/20_Construction/L2H0480_780B/PuC/App/code/Framework/CoreLibs/platform/platform/PlatformHelper.h";1;0;0;1;0;0;1;0;1;0;0;0;0;6;0;0;1;1;0;0;0;1;0;0,14;1;0;7;7;1;0;0;0;7
"fcmpEpsilonF64_s32";"fcmpEpsilonF64_s32";"C:/_mks/L2H0480/KP03_ProductEngineering/40_Software/20_Construction/L2H0480_780B/PuC/App/code/Apps/EOLIntgr/EOL/flcompare.c";7;5;6;9;0;2;4;0;88;61;0;0;0;9;40;0;1;1;1;0;2;2;1;0,32;6;1;29;24;15;3;0;0;19
"cmpNearToZeroF64_s32";"cmpNearToZeroF64_s32";"C:/_mks/L2H0480/KP03_ProductEngineering/40_Software/20_Construction/L2H0480_780B/PuC/App/code/Apps/EOLIntgr/EOL/flcompare.c";3;4;6;8;0;0;3;0;42;24;0;0;0;3;24;0;1;1;1;0;2;1;0;0,33;3;1;14;11;8;0;0;0;9
"ME_Platform_F_PopCount_u32";"ME_Platform_F_PopCount_u32";"C:/_mks/L2H0480/KP03_ProductEngineering/40_Software/20_Construction/L2H0480_780B/PuC/App/code/Framework/CoreLibs/platform/platform/PlatformHelper.h";0;0;0;0;0;0;0;0;0;0;0;0;0;0;0;0;0;0;0;0;0;0;0;0;0;0;0;0;0;0;0;0;0
"svdcmp_v";"svdcmp_v";"C:/_mks/L2H0480/KP03_ProductEngineering/40_Software/20_Construction/L2H0480_780B/PuC/App/code/Apps/EOLIntgr/EOL/svd.c";90;8;10;11;0;9;63;0;1534;920;0;0,01;3;23;382;2;1;0;1;2;6;5;9;2304147,47;500000000;0;298;233;210;27;0;0;217
"pythag_f64";"pythag_f64";"C:/_mks/L2H0480/KP03_ProductEngineering/40_Software/20_Construction/L2H0480_780B/PuC/App/code/Apps/EOLIntgr/EOL/svd.c";10;7;8;12;0;3;3;0;75;47;0;0;0;4;36;0;1;1;0;0;2;2;0;0,25;3;1;17;14;10;7;0;0;12
"svdreorder_v";"svdreorder_v";"C:/_mks/L2H0480/KP03_ProductEngineering/40_Software/20_Construction/L2H0480_780B/PuC/App/code/Apps/EOLIntgr/EOL/svd.c";8;8;11;14;0;1;6;0;121;73;0;0;0;4;36;0;1;0;1;0;4;5;1;0,5;7;1;22;17;13;2;0;0;14
"f_max_f64";"f_max_f64";"C:/_mks/L2H0480/KP03_ProductEngineering/40_Software/20_Construction/L2H0480_780B/PuC/App/code/Apps/EOLIntgr/EOL/svd.c";2;3;5;6;0;0;2;0;18;9;0;0;0;1;10;0;1;1;0;0;1;2;0;0,4;2;1;7;5;4;0;0;0;5
"f_sign_f64";"f_sign_f64";"C:/_mks/L2H0480/KP03_ProductEngineering/40_Software/20_Construction/L2H0480_780B/PuC/App/code/Apps/EOLIntgr/EOL/svd.c";4;5;8;10;0;1;2;0;27;13;0;0;0;1;10;0;1;1;0;0;1;2;0;0,4;2;1;7;5;4;2;0;0;5
"f_min_s16";"f_min_s16";"C:/_mks/L2H0480/KP03_ProductEngineering/40_Software/20_Construction/L2H0480_780B/PuC/App/code/Apps/EOLIntgr/EOL/svd.c";2;3;5;6;0;0;2;0;18;9;0;0;0;1;10;0;1;1;0;0;1;2;0;0,4;2;1;7;5;4;0;0;0;5
"f_square_f64";"f_square_f64";"C:/_mks/L2H0480/KP03_ProductEngineering/40_Software/20_Construction/L2H0480_780B/PuC/App/code/Apps/EOLIntgr/EOL/svd.c";1;9;9;9;0;0;1;0;7;2;0;0;0;0;1;0;1;1;0;0;0;1;0;1;1;1;1;1;1;0;0;0;1
"ME_Platform_F_PopCount_u32";"ME_Platform_F_PopCount_u32";"C:/_mks/L2H0480/KP03_ProductEngineering/40_Software/20_Construction/L2H0480_780B/PuC/App/code/Framework/CoreLibs/platform/platform/PlatformHelper.h";0;0;0;0;0;0;0;0;0;0;0;0;0;0;0;0;0;0;0;0;0;0;0;0;0;0;0;0;0;0;0;0;0
"vggHFromXLin_s8";"vggHFromXLin_s8";"C:/_mks/L2H0480/KP03_ProductEngineering/40_Software/20_Construction/L2H0480_780B/PuC/App/code/Apps/EOLIntgr/EOL/vgg_H_from_x_lin.c";24;10;11;16;0;6;15;0;722;441;0;0,01;1;27;276;0;3;1;0;0;3;6;3;18,62;1620;1;113;99;72;9;0;0;87
"aAlgo_f_CalcDetMat3x3_f64";"aAlgo_f_CalcDetMat3x3_f64";"C:/_mks/L2H0480/KP03_ProductEngineering/40_Software/20_Construction/L2H0480_780B/PuC/App/code/Apps/EOLIntgr/EOL/vgg_H_from_x_lin.c";2;17;20;34;0;0;2;0;67;35;0;0;0;2;12;0;1;1;0;0;1;1;0;0,29;2;1;6;5;3;0;0;0;7
"aAlgo_f_CalcInvMat3x3_v";"aAlgo_f_CalcInvMat3x3_v";"C:/_mks/L2H0480/KP03_ProductEngineering/40_Software/20_Construction/L2H0480_780B/PuC/App/code/Apps/EOLIntgr/EOL/vgg_H_from_x_lin.c";6;12;15;25;0;1;5;0;131;75;0;0;0;5;29;0;1;0;0;0;2;1;1;0,75;9;1;17;13;8;1;0;0;12
"aAlgo_f_CalcMulMat3x3_3x3_v";"aAlgo_f_CalcMulMat3x3_3x3_v";"C:/_mks/L2H0480/KP03_ProductEngineering/40_Software/20_Construction/L2H0480_780B/PuC/App/code/Apps/EOLIntgr/EOL/vgg_H_from_x_lin.c";6;10;15;24;0;0;6;0;109;62;0;0;0;4;27;0;1;0;0;0;3;3;1;1;12;1;16;11;7;0;0;0;12
"ME_Platform_F_PopCount_u32";"ME_Platform_F_PopCount_u32";"C:/_mks/L2H0480/KP03_ProductEngineering/40_Software/20_Construction/L2H0480_780B/PuC/App/code/Framework/CoreLibs/platform/platform/PlatformHelper.h";0;0;0;0;0;0;0;0;0;0;0;0;0;0;0;0;0;0;0;0;0;0;0;0;0;0;0;0;0;0;0;0;0
"vggCondition2d_v";"vggCondition2d_v";"C:/_mks/L2H0480/KP03_ProductEngineering/40_Software/20_Construction/L2H0480_780B/PuC/App/code/Apps/EOLIntgr/EOL/vgg_condition_2d.c";2;12;13;46;0;0;2;0;87;51;0;0;0;7;17;0;1;0;1;0;1;4;0;0,22;2;1;11;10;3;0;0;0;9
"ME_Platform_F_PopCount_u32";"ME_Platform_F_PopCount_u32";"C:/_mks/L2H0480/KP03_ProductEngineering/40_Software/20_Construction/L2H0480_780B/PuC/App/code/Framework/CoreLibs/platform/platform/PlatformHelper.h";0;0;0;0;0;0;0;0;0;0;0;0;0;0;0;0;0;0;0;0;0;0;0;0;0;0;0;0;0;0;0;0;0
"vggConditionerFromPts_v";"vggConditionerFromPts_v";"C:/_mks/L2H0480/KP03_ProductEngineering/40_Software/20_Construction/L2H0480_780B/PuC/App/code/Apps/EOLIntgr/EOL/vgg_conditioner_from_pts.c";9;9;10;14;0;1;7;0;204;123;0;0;0;7;55;0;1;0;1;0;1;4;2;2,46;64;1;36;30;23;2;0;0;26
